lambda,element,ion,note,intens_4MOST,intens_NIST,ritz_lambda,vacuum_sigma,ritz_sigma,obs-ritz
3003.98,Xe,2.0,NIST,,40,3003.973+,,,0.01
3005.97,Xe,2.0,NIST,,1-,3005.858+,,,0.11
3006.97,Xe,2.0,NIST,,2,3006.982+,,,-0.01
3009.03,Xe,2.0,NIST,,0bl,3009.135+,,,-0.1
3013.82,Xe,2.0,NIST,,2h^,3013.824+,,,0.0
3015.52,Xe,2.0,NIST,,20h,3015.624+,,,-0.1
3017.43,Xe,2.0,NIST,,100h,3017.472+,,,-0.04
3019.78,Xe,2.0,NIST,,2h,3019.770+,,,0.01
3022.1,Xe,2.0,NIST,,2H,3022.18+,,,-0.08
3027.27,Xe,2.0,NIST,,3,3027.288+,,,-0.02
3027.63,Xe,2.0,NIST,,2h,3027.613+,,,0.02
3033.71,Xe,2.0,NIST,,10,3033.710+,,,0.0
3036.8,Xe,2.0,NIST,,30h,3036.869+,,,-0.07
3037.35,Xe,2.0,NIST,,,3037.323+,,,0.03
3044.75,Xe,2.0,NIST,,10,3044.764+,,,-0.01
3045.25,Xe,2.0,NIST,,30,3045.271+,,,-0.02
3046.27,Xe,2.0,NIST,,25,3046.220+,,,0.05
3047.56,Xe,2.0,NIST,,0,3047.529+,,,0.03
3047.76,Xe,2.0,NIST,,8H,3047.67+,,,0.09
3047.83,Xe,2.0,NIST,,0,3047.838+,,,-0.01
3048.17,Xe,2.0,NIST,,5,3048.13+,,,0.04
3048.5,Xe,2.0,NIST,,3h^,3048.528+,,,-0.03
3050.98,Xe,2.0,NIST,,3,3050.998+,,,-0.02
3055.5,Xe,2.0,NIST,,1,3055.478+,,,0.02
3056.49,Xe,2.0,NIST,,20,3056.526+,,,-0.04
3061.54,Xe,2.0,NIST,,12,3061.562+,,,-0.02
3063.72,Xe,2.0,NIST,,0,3063.789+,,,-0.07
3066.6,Xe,2.0,NIST,,1h,3066.580+,,,0.02
3067.3,Xe,2.0,NIST,,30*,3067.277+,,,0.02
3067.3,Xe,2.0,NIST,,30*,3067.314+,,,-0.01
3073.17,Xe,2.0,NIST,,2h,3073.187+,,,-0.02
3082.62,Xe,2.0,NIST,,20,3082.613+,,,0.01
3082.87,Xe,2.0,NIST,,2,3082.861+,,,0.01
3085.12,Xe,2.0,NIST,,1-*,3085.181+,,,-0.06
3085.12,Xe,2.0,NIST,,1-*,3085.115+,,,0.0
3087.34,Xe,2.0,NIST,,1-,3087.356+,,,-0.02
3090.47,Xe,2.0,NIST,,1,3090.485+,,,-0.01
3092.41,Xe,2.0,NIST,,15,3092.414+,,,0.0
3094.53,Xe,2.0,NIST,,30h,3094.551+,,,-0.02
3096.9,Xe,2.0,NIST,,8,3096.882+,,,0.02
3098.21,Xe,2.0,NIST,,2,3098.199+,,,0.01
3098.5,Xe,2.0,NIST,,1,3098.507+,,,-0.01
3101.51,Xe,2.0,NIST,,50h,3101.600+,,,-0.09
3104.4,Xe,2.0,NIST,,70h,3104.428+,,,-0.03
3106.54,Xe,2.0,NIST,,0bl,3106.496+,,,0.04
3107.82,Xe,2.0,NIST,,20Hl,3107.996+,,,-0.18
3112.74,Xe,2.0,NIST,,20,3112.740+,,,0.0
3116.78,Xe,2.0,NIST,,2h,3116.765+,,,0.02
3121.87,Xe,2.0,NIST,,250,3121.879+,,,-0.01
3124.02,Xe,2.0,NIST,,12h,3124.078+,,,-0.06
3128.4,Xe,2.0,NIST,,1H*,3128.309+,,,0.09
3128.4,Xe,2.0,NIST,,1H*,3128.467+,,,-0.07
3130.4,Xe,2.0,NIST,,3H,3130.567+,,,-0.17
3142.54,Xe,2.0,NIST,,0,3142.552+,,,-0.01
3143.62,Xe,2.0,NIST,,6,3143.660+,,,-0.04
3145.02,Xe,2.0,NIST,,4h,3145.037+,,,-0.02
3148.99,Xe,2.0,NIST,,5,3148.988+,,,0.0
3150.97,Xe,2.0,NIST,,3,3151.016+,,,-0.05
3159.75,Xe,2.0,NIST,,4h,3159.771+,,,-0.02
3162.93,Xe,2.0,NIST,,25,3162.949+,,,-0.02
3164.23,Xe,2.0,NIST,,6,3164.246+,,,-0.02
3165.27,Xe,2.0,NIST,,6,3165.277+,,,-0.01
3168.67,Xe,2.0,NIST,,3h,3168.672+,,,0.0
3174.59,Xe,2.0,NIST,,1,3174.574+,,,0.02
3175.64,Xe,2.0,NIST,,80,3175.645+,,,0.0
3181.39,Xe,2.0,NIST,,3h,3181.386+,,,0.0
3184.35,Xe,2.0,NIST,,10h,3184.467+,,,-0.12
3193.75,Xe,2.0,NIST,,1h,3193.751+,,,0.0
3194.85,Xe,2.0,NIST,,0*,3194.90+,,,-0.05
3194.85,Xe,2.0,NIST,,0*,3194.966+,,,-0.12
3196.22,Xe,2.0,NIST,,25,3196.203+,,,0.02
3201.68,Xe,2.0,NIST,,3h,3201.711+,,,-0.03
3202.04,Xe,2.0,NIST,,10,3202.046+,,,-0.01
3206.72,Xe,2.0,NIST,,1-^,3206.741+,,,-0.02
3211.59,Xe,2.0,NIST,,1H,3211.590+,,,0.0
3212.29,Xe,2.0,NIST,,5h,3212.285+,,,0.01
3225.08,Xe,2.0,NIST,,15,3225.084+,,,0.0
3233.23,Xe,2.0,NIST,,1,3233.232+,,,0.0
3247.74,Xe,2.0,NIST,,6Hl,3247.790+,,,-0.05
3248.83,Xe,2.0,NIST,,1-^,3248.776+,,,0.05
3249.35,Xe,2.0,NIST,,1-^,3249.371+,,,-0.02
3250.04,Xe,2.0,NIST,,2h,3250.090+,,,-0.05
3250.56,Xe,2.0,NIST,,25,3250.567+,,,-0.01
3259.36,Xe,2.0,NIST,,12,3259.353+,,,0.01
3260.73,Xe,2.0,NIST,,2,3260.748+,,,-0.02
3262.02,Xe,2.0,NIST,,4h,3262.038+,,,-0.02
3264.03,Xe,2.0,NIST,,0,3264.067+,,,-0.04
3267.34,Xe,2.0,NIST,,3h,3267.335+,,,0.0
3268.08,Xe,2.0,NIST,,1h^,3268.104+,,,-0.02
3272.91,Xe,2.0,NIST,,60,3272.936+,,,-0.03
3274.8,Xe,2.0,NIST,,2H^,3274.797+,,,0.0
3281.26,Xe,2.0,NIST,,12h*,3281.265+,,,-0.01
3281.26,Xe,2.0,NIST,,12h*,3281.311+,,,-0.05
3296.2,Xe,2.0,NIST,,1h,3296.172+,,,0.03
3298.72,Xe,2.0,NIST,,6,3298.730+,,,-0.01
3310.85,Xe,2.0,NIST,,1h,3310.863+,,,-0.01
3311.8,Xe,2.0,NIST,,2,3311.823+,,,-0.02
3313.48,Xe,2.0,NIST,,2h,3313.515+,,,-0.03
3316.39,Xe,2.0,NIST,,6h,3316.371+,,,0.02
3320.57,Xe,2.0,NIST,,1h,3320.619+,,,-0.05
3327.46,Xe,2.0,NIST,,15,3327.483+,,,-0.02
3338.8,Xe,2.0,NIST,,4h,3338.821+,,,-0.02
3339.49,Xe,2.0,NIST,,3,3339.575+,,,-0.09
3340.04,Xe,1.0,NIST,,1-,3340.04+,0.01,,0.0
3347.27,Xe,2.0,NIST,,3H,3347.292+,,,-0.02
3348.63,Xe,1.0,NIST,,1-,3348.676+,0.01,,-0.046
3353.44,Xe,2.0,NIST,,1h^,3353.419+,,,0.02
3358.17,Xe,1.0,NIST,,1h-,3358.167+,0.01,,0.003
3358.96,Xe,1.0,NIST,,1h-,3358.957+,0.01,,0.003
3366.72,Xe,2.0,NIST,,300h,3366.747+,,,-0.03
3370.34,Xe,1.0,NIST,,1h,3370.355+,0.01,,-0.015
3373.92,Xe,2.0,NIST,,2h,3373.914+,,,0.01
3375.16,Xe,2.0,NIST,,3h,3375.192+,,,-0.03
3381.34,Xe,2.0,NIST,,1h^,3381.334+,,,0.01
3383.2,Xe,1.0,NIST,,1,3383.197+,0.01,,0.003
3384.13,Xe,2.0,NIST,,40h,3384.150+,,,-0.02
3384.36,Xe,1.0,NIST,,1,3384.358+,0.01,,0.002
3386.3,Xe,2.0,NIST,,2h,3386.281+,,,0.02
3388.05,Xe,2.0,NIST,,2,3388.087+,,,-0.04
3395.5,Xe,2.0,NIST,,3,3395.519+,,,-0.02
3399.37,Xe,2.0,NIST,,1,3399.380+,,,-0.01
3400.07,Xe,1.0,NIST,,2,3400.132+,0.01,,-0.062
3400.79,Xe,1.0,NIST,,1-,3400.879+,0.01,,-0.089
3412.58,Xe,2.0,NIST,,1H-,3412.615+,,,-0.03
3413.2,Xe,2.0,NIST,,6H,3413.201+,,,0.0
3417.04,Xe,2.0,NIST,,1-,3417.004+,,,0.04
3418.37,Xe,1.0,NIST,,2,3418.367+,0.01,,0.003
3420.0,Xe,1.0,NIST,,2,3419.998+,0.01,,0.002
3420.73,Xe,2.0,NIST,,40,3420.739+,,,-0.01
3432.49,Xe,2.0,NIST,,1,3432.525+,,,-0.04
3436.48,Xe,2.0,NIST,,1-,3436.475+,,,0.01
3442.66,Xe,1.0,NIST,,3,3442.686+,0.01,,-0.026
3443.83,Xe,1.0,NIST,,1*,3443.879+,0.01,,-0.049
3443.83,Xe,1.0,NIST,,1*,3443.754+,0.01,,0.076
3446.34,Xe,2.0,NIST,,25h,3446.322+,,,0.02
3460.08,Xe,2.0,NIST,,8,3460.090+,,,-0.01
3461.26,Xe,2.0,NIST,,100h,3461.249+,,,0.01
3462.81,Xe,2.0,NIST,,1-,3462.839+,,,-0.03
3464.17,Xe,2.0,NIST,,1h,3464.166+,,,0.0
3467.68,Xe,2.0,NIST,,1-,3467.677+,,,0.0
3469.81,Xe,1.0,NIST,,4,3469.800+,0.01,,0.01
3472.36,Xe,1.0,NIST,,4,3472.358+,0.01,,0.002
3474.23,Xe,2.0,NIST,,20h,3474.265+,,,-0.03
3482.21,Xe,2.0,NIST,,2h,3482.292+,,,-0.08
3485.23,Xe,2.0,NIST,,1h,3485.191+,,,0.04
3496.86,Xe,1.0,NIST,,1,3496.856+,0.01,,0.004
3500.36,Xe,2.0,NIST,,30,3500.353+,,,0.01
3503.15,Xe,2.0,NIST,,15,3503.146+,,,0.0
3504.25,Xe,2.0,NIST,,1,3504.290+,,,-0.04
3506.56,Xe,2.0,NIST,,15,3506.554+,,,0.01
3506.74,Xe,1.0,NIST,,5,3506.7334+,0.01,,0.007
3508.42,Xe,1.0,NIST,,2,3508.3842+,0.01,,0.036
3508.88,Xe,2.0,NIST,,20,3508.866+,,,0.01
3509.78,Xe,2.0,NIST,,,3509.787+,,,-0.01
3513.57,Xe,2.0,NIST,,1,3513.611+,,,-0.04
3516.71,Xe,2.0,NIST,,2,3516.747+,,,-0.04
3517.9,Xe,1.0,NIST,,2*,3517.956+,0.01,,-0.056
3517.9,Xe,1.0,NIST,,2*,3517.876+,0.01,,0.024
3521.53,Xe,2.0,NIST,,2,3521.556+,,,-0.03
3530.21,Xe,2.0,NIST,,3H,3530.187+,,,0.02
3533.48,Xe,1.0,NIST,,2,3533.475+,0.01,,0.005
3534.61,Xe,2.0,NIST,,1h^,3534.651+,,,-0.04
3536.61,Xe,1.0,NIST,,1-,3536.592+,0.01,,0.018
3537.35,Xe,1.0,NIST,,1,3537.346+,0.01,,0.004
3538.08,Xe,2.0,NIST,,2,3538.064+,,,0.02
3539.41,Xe,2.0,NIST,,0,3539.268+,,,0.14
3546.29,Xe,2.0,NIST,,1h,3546.316+,,,-0.03
3548.69,Xe,2.0,NIST,,2h,3548.673+,,,0.02
3549.86,Xe,1.0,NIST,,10,3549.865+,0.01,,-0.005
3554.04,Xe,1.0,NIST,,10,3554.037+,0.01,,0.003
3555.92,Xe,1.0,NIST,,1,3555.917+,0.01,,0.003
3557.88,Xe,2.0,NIST,,2bl,3557.875+,,,0.01
3561.75,Xe,2.0,NIST,,1-^,3561.706+,,,0.04
3562.5,Xe,2.0,NIST,,1-^,3562.514+,,,-0.01
3563.8,Xe,1.0,NIST,,3,3563.771+,0.01,,0.029
3564.3,Xe,2.0,NIST,,20,3564.278+,,,0.02
3578.58,Xe,2.0,NIST,,2,3578.575+,,,0.01
3587.02,Xe,1.0,NIST,,4,3587.016+,0.01,,0.004
3588.62,Xe,2.0,NIST,,6h,3588.627+,,,-0.01
3589.02,Xe,2.0,NIST,,2bl,3588.916+,,,0.1
3589.88,Xe,2.0,NIST,,1H,3589.864+,,,0.02
3591.67,Xe,1.0,NIST,,1,3591.672+,0.01,,-0.002
3592.8,Xe,1.0,NIST,,2,3592.796+,0.01,,0.004
3604.83,Xe,2.0,NIST,,3h,3604.819+,,,0.01
3607.41,Xe,2.0,NIST,,8,3607.398+,,,0.01
3610.32,Xe,1.0,NIST,,15,3610.3081+,0.01,,0.012
3611.52,Xe,2.0,NIST,,1h,3611.486+,,,0.03
3612.37,Xe,2.0,NIST,,20,3612.356+,,,0.01
3613.06,Xe,1.0,NIST,,8,3613.0476+,0.01,,0.012
3617.94,Xe,2.0,NIST,,1,3618.033+,,,-0.09
3621.98,Xe,2.0,NIST,,3h,3621.918+,,,0.06
3633.06,Xe,1.0,NIST,,6,3633.0300+,0.01,,0.03
3634.48,Xe,2.0,NIST,,1-,3634.488+,,,-0.01
3644.43,Xe,2.0,NIST,,5,3644.436+,,,-0.01
3644.91,Xe,2.0,NIST,,5,3644.895+,,,0.02
3645.29,Xe,2.0,NIST,,3,3645.33+,,,-0.04
3654.44,Xe,2.0,NIST,,3bl,3654.321+,,,0.12
3657.74,Xe,2.0,NIST,,5,3657.736+,,,0.0
3658.44,Xe,2.0,NIST,,6h,3658.429+,,,0.01
3661.7,Xe,2.0,NIST,,20H,3661.678+,,,0.02
3663.93,Xe,2.0,NIST,,5h,3663.954+,,,-0.02
3665.47,Xe,2.0,NIST,,1,3665.296+,,,0.17
3669.91,Xe,1.0,NIST,,10,3669.905+,0.01,,0.005
3672.57,Xe,2.0,NIST,,20,3672.572+,,,0.0
3674.04,Xe,2.0,NIST,,1-,3674.002+,,,0.04
3677.54,Xe,1.0,NIST,,2,3677.529+,0.01,,0.011
3679.31,Xe,1.0,NIST,,4,3679.306+,0.01,,0.004
3684.07,Xe,2.0,NIST,,1,3684.176+,,,-0.11
3685.9,Xe,1.0,NIST,,40,3685.900+,0.01,,0.0
3688.8,Xe,1.0,NIST,,1,3688.808+,0.01,,-0.008
3690.74,Xe,2.0,NIST,,1,3690.793+,,,-0.05
3691.84,Xe,2.0,NIST,,1h,3691.840+,,,0.0
3693.49,Xe,1.0,NIST,,40,3693.487+,0.01,,0.003
3696.82,Xe,1.0,NIST,,4,3696.817+,0.01,,0.003
3698.49,Xe,2.0,NIST,,1h,3698.506+,,,-0.02
3702.74,Xe,1.0,NIST,,2,3702.732+,0.01,,0.008
3711.64,Xe,2.0,NIST,,20H,3711.666+,,,-0.03
3715.69,Xe,2.0,NIST,,2H,3715.670+,,,0.02
3717.2,Xe,2.0,NIST,,20,3717.185+,,,0.02
3720.8,Xe,2.0,NIST,,40,3720.803+,,,0.0
3731.0,Xe,2.0,NIST,,0bl,3731.004+,,,0.0
3731.18,Xe,2.0,NIST,,20,3731.174+,,,0.01
3737.81,Xe,1.0,NIST,,5,3737.76+,0.2,,0.05
3741.11,Xe,2.0,NIST,,0,3741.292+,,,-0.18
3741.96,Xe,2.0,NIST,,2Hw,3742.020+,,,-0.06
3742.22,Xe,1.0,NIST,,1,3742.1825+,0.01,,0.037
3745.38,Xe,1.0,NIST,,10,3745.3811+,0.01,,-0.001
3745.46,Xe,2.0,NIST,,3a,3745.620+,,,-0.16
3745.69,Xe,1.0,NIST,,4,3745.6953+,0.01,,-0.005
3756.87,Xe,2.0,NIST,,10,3756.853+,,,0.02
3762.05,Xe,2.0,NIST,,3h,3762.061+,,,-0.01
3763.37,Xe,2.0,NIST,,15,3763.362+,,,0.01
3765.66,Xe,2.0,NIST,,0,3765.664+,,,0.0
3773.83,Xe,2.0,NIST,,0,3773.915+,,,-0.08
3775.49,Xe,2.0,NIST,,1,3775.514+,,,-0.02
3778.78,Xe,2.0,NIST,,1-,3778.735+,,,0.05
3780.7,Xe,2.0,NIST,,1H,3780.697+,,,0.0
3783.23,Xe,2.0,NIST,,10h,3783.201+,,,0.03
3787.32,Xe,2.0,NIST,,3,3787.317+,,,0.0
3795.95,Xe,1.0,NIST,,3,3795.9456+,0.01,,0.004
3796.3,Xe,1.0,NIST,,40,3796.3060+,0.01,,-0.006
3800.99,Xe,2.0,NIST,,15h,3800.967+,,,0.02
3801.39,Xe,1.0,NIST,,30,3801.3904+,0.01,,0.0
3801.9,Xe,1.0,NIST,,3,3801.9071+,0.01,,-0.007
3805.68,Xe,2.0,NIST,,1H,3805.694+,,,-0.01
3807.29,Xe,2.0,NIST,,10h,3807.320+,,,-0.03
3809.84,Xe,1.0,NIST,,30,3809.844+,0.01,,-0.004
3810.67,Xe,2.0,NIST,,0,3810.503+,,,0.17
3811.05,Xe,2.0,NIST,,40,3811.044+,,,0.01
3815.16,Xe,2.0,NIST,,1hw,3815.137+,,,0.02
3823.35,Xe,2.0,NIST,,2,3823.473+,,,-0.12
3823.74,Xe,1.0,NIST,,10,3823.726+,0.01,,0.014
3826.27,Xe,2.0,NIST,,2h,3826.216+,,,0.05
3826.86,Xe,1.0,NIST,,15,3826.855+,0.01,,0.005
3829.77,Xe,2.0,NIST,,10h,3829.788+,,,-0.02
3835.6,Xe,1.0,NIST,,2,3835.475+,0.1,,0.12
3848.58,Xe,2.0,NIST,,6,3848.580+,,,0.0
3849.87,Xe,2.0,NIST,,50Hl,3849.870+,,,0.0
3858.53,Xe,2.0,NIST,,20,3858.530+,,,0.0
3869.63,Xe,2.0,NIST,,20,3869.617+,,,0.01
3877.2,Xe,1.0,NIST,,2*,3877.12+,0.2,,0.08
3877.2,Xe,1.0,NIST,,2*,3877.12+,0.2,,0.08
3883.67,Xe,2.0,NIST,,1H,3883.772+,,,-0.1
3885.0,Xe,2.0,NIST,,20,3885.028+,,,-0.03
3885.45,Xe,2.0,NIST,,4Hl,3885.392+,,,0.06
3905.34,Xe,2.0,NIST,,1,3905.290+,,,0.05
3905.85,Xe,2.0,NIST,,10,3905.855+,,,0.0
3907.91,Xe,2.0,NIST,,100h,3907.904+,,,0.01
3916.6,Xe,2.0,NIST,,1h,3916.546+,,,0.05
3920.78,Xe,2.0,NIST,,1h,3920.729+,,,0.05
3926.8,Xe,2.0,NIST,,1,3926.786+,,,0.01
3928.42,Xe,2.0,NIST,,,3928.380+,,,0.04
3933.22,Xe,2.0,NIST,,1,3933.216+,,,0.0
3937.66,Xe,2.0,NIST,,2,3937.618+,,,0.04
3938.92,Xe,2.0,NIST,,15h,3938.888+,,,0.03
3942.21,Xe,2.0,NIST,,3,3942.194+,,,0.02
3942.29,Xe,1.0,NIST,,2,3942.2868+,0.01,,0.003
3943.57,Xe,2.0,NIST,,20,3943.581+,,,-0.01
3948.163,Xe,1.0,NIST,,60,3948.1598+,0.002,,0.003
3948.72,Xe,1.0,NIST,,10,3948.7171+,0.01,,0.003
3950.924,Xe,1.0,4MOST & NIST,25.3632926940918,120,3950.9237+,0.002,,0.0
3951.61,Xe,2.0,NIST,,5Hl,3951.601+,,,0.01
3954.73,Xe,2.0,NIST,,20hl,3954.748+,,,-0.02
3956.85,Xe,1.0,NIST,,6,3956.8437+,0.01,,0.006
3962.15,Xe,2.0,NIST,,0,3962.146+,,,0.0
3967.5411,Xe,1.0,4MOST & NIST,27.308330535888672,200,3967.5405+,0.0005,,0.0006
3972.58,Xe,2.0,NIST,,50Hl,3972.615+,,,-0.03
3974.417,Xe,1.0,NIST,,40,3974.4158+,0.002,,0.001
3975.59,Xe,2.0,NIST,,4,3975.600+,,,-0.01
3978.98,Xe,2.0,NIST,,2h,3978.999+,,,-0.02
3980.41,Xe,2.0,NIST,,2h,3980.398+,,,0.01
3981.21,Xe,2.0,NIST,,1h,3981.165+,,,0.04
3985.202,Xe,1.0,NIST,,30,3985.2027+,0.002,,-0.001
3990.33,Xe,2.0,NIST,,60Hl,3990.298+,,,0.03
3996.05,Xe,2.0,NIST,,3,3996.045+,,,0.01
4000.55,Xe,2.0,NIST,,5h,4000.526+,,,0.02
4002.35,Xe,2.0,NIST,,80Hl,4002.321+,,,0.03
4003.09,Xe,2.0,NIST,,1,4003.249+,,,-0.16
4004.55,Xe,1.0,NIST,,10*,4004.40+,0.2,,0.15
4004.55,Xe,1.0,NIST,,10*,4004.40+,0.2,,0.15
4008.46,Xe,2.0,NIST,,1H,4008.374+,,,0.09
4016.56,Xe,2.0,NIST,,2h,4016.586+,,,-0.03
4017.86,Xe,2.0,NIST,,2h,4017.876+,,,-0.02
4025.19,Xe,2.0,NIST,,30,4025.170+,,,0.02
4026.2,Xe,2.0,NIST,,5Hl,4026.153+,,,0.05
4026.82,Xe,2.0,NIST,,0,4026.894+,,,-0.07
4027.97,Xe,2.0,NIST,,3h,4027.885+,,,0.08
4029.82,Xe,2.0,NIST,,1-,4029.843+,,,-0.02
4035.87,Xe,2.0,NIST,,1,4035.897+,,,-0.03
4037.29,Xe,2.0,NIST,,100,4037.315+,,,-0.03
4037.59,Xe,2.0,NIST,,200,4037.543+,,,0.05
4039.69,Xe,2.0,NIST,,1-,4039.690+,,,0.0
4044.64,Xe,2.0,NIST,,6H,4044.674+,,,-0.03
4044.9,Xe,2.0,NIST,,8H,4044.905+,,,0.0
4051.27,Xe,2.0,NIST,,10h,4051.258+,,,0.01
4057.46,Xe,2.0,NIST,,200H,4057.473+,,,-0.01
4062.12,Xe,2.0,NIST,,6,4062.119+,,,0.0
4066.53,Xe,2.0,NIST,,,4066.581+,,,-0.05
4072.1,Xe,2.0,NIST,,6h,4072.132+,,,-0.03
4073.5,Xe,2.0,NIST,,15,4073.489+,,,0.01
4078.8202,Xe,1.0,4MOST & NIST,26.13222312927246,100,4078.8193+,0.0005,,0.0009
4091.88,Xe,2.0,NIST,,3h,4091.922+,,,-0.04
4098.89,Xe,2.0,NIST,,100h,4098.935+,,,-0.04
4100.34,Xe,2.0,NIST,,20,4100.332+,,,0.01
4100.97,Xe,2.0,NIST,,1h,4100.952+,,,0.02
4103.1,Xe,2.0,NIST,,8hl,4103.078+,,,0.02
4104.95,Xe,2.0,NIST,,40,4104.940+,,,0.01
4109.7089,Xe,1.0,4MOST & NIST,10.06068992614746,60,4109.7076+,0.0005,,0.0013
4110.41,Xe,2.0,NIST,,30,4110.408+,,,0.0
4112.14,Xe,2.0,NIST,,30Hl,4112.116+,,,0.02
4112.42,Xe,2.0,NIST,,0,4112.410+,,,0.01
4113.26,Xe,2.0,NIST,,2,4113.212+,,,0.05
4113.52,Xe,2.0,NIST,,2,4113.514+,,,0.01
4116.1147,Xe,1.0,4MOST & NIST,14.289754867553713,80,4116.1135+,0.0005,,0.0012
4121.86,Xe,2.0,NIST,,5h,4121.836+,,,0.02
4123.55,Xe,1.0,NIST,,10,4123.52+,0.2,,0.03
4131.01,Xe,2.0,NIST,,20,4130.984+,,,0.03
4131.24,Xe,2.0,NIST,,0,4131.408+,,,-0.17
4135.133,Xe,1.0,NIST,,20,4135.1320+,0.002,,0.001
4138.81,Xe,2.0,NIST,,3h,4138.826+,,,-0.02
4146.78,Xe,1.0,NIST,,2,4146.8101+,0.01,,-0.03
4148.19,Xe,2.0,NIST,,2h*,4148.151+,,,0.04
4148.19,Xe,2.0,NIST,,2h*,4148.187+,,,0.0
4152.74,Xe,2.0,NIST,,1,4152.836+,,,-0.1
4154.65,Xe,2.0,NIST,,2,4154.635+,,,0.02
4156.17,Xe,2.0,NIST,,2h,4156.160+,,,0.01
4158.04,Xe,2.0,NIST,,200H,4158.056+,,,-0.02
4162.16,Xe,2.0,NIST,,60,4162.147+,,,0.01
4170.99,Xe,2.0,NIST,,8Hl,4170.974+,,,0.02
4175.17,Xe,1.0,NIST,,6,4175.10+,0.2,,0.07
4180.1,Xe,2.0,NIST,,1000*,4179.994+,,,0.11
4180.1,Xe,2.0,NIST,,1000*,4180.097+,,,0.0
4180.29,Xe,2.0,NIST,,1,4180.401+,,,-0.11
4193.01,Xe,1.0,NIST,,20,4193.0087+,0.01,,0.001
4193.15,Xe,2.0,4MOST & NIST,50.52307891845703,500h,4193.147+,,,0.0
4193.528,Xe,1.0,NIST,,150,4193.5296+,0.002,,-0.002
4197.81,Xe,2.0,NIST,,10H,4197.795+,,,0.01
4201.25,Xe,2.0,NIST,,15H,4201.249+,,,0.0
4203.22,Xe,2.0,NIST,,5,4203.201+,,,0.02
4203.695,Xe,1.0,4MOST & NIST,15.308798789978027,,4203.695+,0.002,,0.0
4205.404,Xe,1.0,NIST,,10,4205.404+,0.002,,0.0
4208.48,Xe,2.0,NIST,,400h,4208.46+,,,0.02
4209.47,Xe,2.0,NIST,,200h,4209.44+,,,0.03
4213.72,Xe,2.0,NIST,,400h,4213.72+,,,0.0
4214.69,Xe,2.0,NIST,,6,4214.70+,,,-0.01
4215.3,Xe,2.0,NIST,,0,4215.20+,,,0.1
4215.6,Xe,2.0,NIST,,200,4215.62+,,,-0.02
4223.0,Xe,2.0,NIST,,400h,4222.99+,,,0.01
4235.03,Xe,1.0,NIST,,15,4235.12+,0.2,,-0.09
4237.2,Xe,2.0,NIST,,,4237.19+,,,0.01
4237.96,Xe,2.0,NIST,,3bl,4238.12+,,,-0.16
4238.25,Xe,2.0,NIST,,500h,4238.21+,,,0.04
4243.88,Xe,2.0,NIST,,10,4243.88+,,,0.0
4244.41,Xe,2.0,NIST,,30,4244.39+,,,0.02
4245.38,Xe,2.0,NIST,,500h,4245.37+,,,0.01
4250.16,Xe,2.0,NIST,,,4250.19+,,,-0.03
4251.57,Xe,2.0,NIST,,100H,4251.57+,,,0.0
4263.57,Xe,2.0,NIST,,10h^,4263.62+,,,-0.05
4269.84,Xe,2.0,NIST,,40,4269.82+,,,0.02
4279.16,Xe,1.0,NIST,,2*,4279.13+,0.2,,0.03
4279.16,Xe,1.0,NIST,,2*,4279.13+,0.2,,0.03
4295.17,Xe,2.0,NIST,,1a,4295.26+,,,-0.09
4296.4,Xe,2.0,NIST,,500h,4296.39+,,,0.01
4296.75,Xe,2.0,NIST,,2,4296.70+,,,0.05
4306.21,Xe,2.0,NIST,,1h,4306.21+,,,0.0
4310.51,Xe,2.0,NIST,,500h,4310.43+,,,0.08
4321.82,Xe,2.0,NIST,,40,4321.81+,,,0.01
4330.52,Xe,2.0,NIST,,1000,4330.52+,,,0.0
4335.81,Xe,2.0,NIST,,10,4335.81+,,,0.0
4337.07,Xe,2.0,NIST,,30Hl,4337.00+,,,0.07
4342.56,Xe,2.0,NIST,,6Hl,4342.62+,,,-0.06
4354.59,Xe,1.0,NIST,,6,4354.60+,0.2,,-0.01
4357.28,Xe,2.0,NIST,,0,4357.10+,,,0.18
4367.05,Xe,2.0,NIST,,30H,4367.03+,,,0.02
4369.2,Xe,2.0,NIST,,200H,4369.17+,,,0.03
4372.287,Xe,1.0,NIST,,20,4372.288+,0.002,,-0.001
4372.46,Xe,2.0,NIST,,2h,4372.42+,,,0.04
4373.78,Xe,2.0,NIST,,100H,4373.73+,,,0.05
4379.44,Xe,2.0,NIST,,10Hl,4379.39+,,,0.05
4383.908,Xe,1.0,4MOST & NIST,24.974721908569336,100,4383.909+,0.002,,-0.001
4384.93,Xe,2.0,NIST,,60,4384.91+,,,0.02
4385.768,Xe,1.0,NIST,,70,4385.768+,0.002,,0.0
4392.09,Xe,2.0,NIST,,0,4392.20+,,,-0.11
4393.2,Xe,2.0,NIST,,500H,4393.20+,,,0.0
4395.77,Xe,2.0,NIST,,500H,4395.77+,,,0.0
4404.54,Xe,2.0,NIST,,1,4404.55+,,,-0.01
4406.88,Xe,2.0,NIST,,200H,4406.82+,,,0.06
4414.84,Xe,2.0,NIST,,300*,4414.75+,,,0.09
4414.84,Xe,2.0,NIST,,300*,4414.82+,,,0.02
4416.07,Xe,2.0,NIST,,150H,4416.03+,,,0.04
4427.52,Xe,2.0,NIST,,2h,4427.57+,,,-0.05
4440.95,Xe,2.0,NIST,,50H,4440.96+,,,-0.01
4448.13,Xe,2.0,NIST,,500H,4448.13+,,,0.0
4451.32,Xe,2.0,NIST,,1H,4451.30+,,,0.02
4462.19,Xe,2.0,NIST,,1000,4462.19+,,,0.0
4464.6,Xe,2.0,NIST,,1^,4464.63+,,,-0.03
4465.77,Xe,2.0,NIST,,,4465.64+,,,0.13
4470.9,Xe,2.0,NIST,,30,4470.89+,,,0.01
4480.86,Xe,2.0,NIST,,500H,4480.80+,,,0.06
4485.95,Xe,2.0,NIST,,20,4485.94+,,,0.01
4488.6,Xe,2.0,NIST,,4H,4488.50+,,,0.1
4488.97,Xe,2.0,NIST,,0,4489.02+,,,-0.05
4500.978,Xe,1.0,4MOST & NIST,355.5293273925781,,4500.979+,0.002,,-0.001
4507.11,Xe,2.0,NIST,,5h,4507.12+,,,-0.01
4508.97,Xe,2.0,NIST,,0a,4509.02+,,,-0.05
4521.86,Xe,2.0,NIST,,100h,4521.85+,,,0.01
4524.21,Xe,2.0,NIST,,200,4524.21+,,,0.0
4524.6805,Xe,1.0,4MOST & NIST,140.30712890625,,4524.681+,0.0005,,-0.001
4532.49,Xe,2.0,NIST,,200,4532.50+,,,-0.01
4535.09,Xe,2.0,NIST,,1h,4535.05+,,,0.04
4536.92,Xe,2.0,NIST,,80H*,4536.87+,,,0.05
4536.92,Xe,2.0,NIST,,80H*,4537.01+,,,-0.09
4540.89,Xe,2.0,NIST,,400h,4540.86+,,,0.03
4543.99,Xe,1.0,NIST,,6,4543.63+,0.2,,0.36
4545.23,Xe,2.0,NIST,,400H,4545.22+,,,0.01
4550.79,Xe,2.0,NIST,,10H,4550.78+,,,0.01
4550.91,Xe,2.0,NIST,,2bl,4550.95+,,,-0.04
4555.94,Xe,2.0,NIST,,200H,4555.88+,,,0.06
4563.0,Xe,2.0,NIST,,2H,4563.00+,,,0.0
4567.91,Xe,2.0,NIST,,,4567.96+,,,-0.05
4571.85,Xe,2.0,NIST,,30Hd,4571.84+,,,0.01
4577.06,Xe,2.0,NIST,,200H,4577.11+,,,-0.05
4580.7,Xe,2.0,NIST,,80Hl,4580.69+,,,0.01
4582.7472,Xe,1.0,4MOST & NIST,85.17893981933594,,4582.747+,0.0005,,0.0
4585.48,Xe,2.0,NIST,,500H,4585.47+,,,0.01
4591.8,Xe,2.0,NIST,,1,4591.76+,,,0.04
4592.05,Xe,2.0,NIST,,300H,4592.06+,,,-0.01
4593.7,Xe,2.0,NIST,,6,4593.70+,,,0.0
4596.3,Xe,2.0,NIST,,1,4596.39+,,,-0.09
4603.03,Xe,2.0,NIST,,600h,4603.04+,,,-0.01
4611.8882,Xe,1.0,4MOST & NIST,15.183989524841309,100,4611.890+,0.0005,,-0.002
4615.06,Xe,2.0,NIST,,100h,4615.10+,,,-0.04
4615.5,Xe,2.0,NIST,,200*,4615.45+,,,0.05
4615.5,Xe,2.0,NIST,,200*,4615.50+,,,0.0
4617.5,Xe,2.0,NIST,,90hl,4617.45+,,,0.05
4619.57,Xe,2.0,NIST,,1*,4619.59+,,,-0.02
4619.57,Xe,2.0,NIST,,1*,4619.42+,,,0.15
4624.2756,Xe,1.0,4MOST & NIST,1086.4276123046875,,4624.276+,0.0005,,0.0
4629.99,Xe,2.0,NIST,,5*,4630.00+,,,-0.01
4629.99,Xe,2.0,NIST,,5*,4630.03+,,,-0.04
4633.3,Xe,2.0,NIST,,50,4633.29+,,,0.01
4651.94,Xe,2.0,NIST,,200,4651.94+,,,0.0
4653.0,Xe,2.0,NIST,,40,4653.01+,,,-0.01
4655.33,Xe,2.0,NIST,,,4655.18+,,,0.15
4662.26,Xe,1.0,NIST,,6,4662.29+,0.2,,-0.03
4666.28,Xe,2.0,NIST,,40Hl,4666.25+,,,0.03
4668.49,Xe,2.0,NIST,,100,4668.49+,,,0.0
4671.2258,Xe,1.0,4MOST & NIST,2264.788330078125,,4671.226+,0.0005,,0.0
4672.2,Xe,2.0,NIST,,100H,4672.19+,,,0.01
4673.94,Xe,2.0,NIST,,1w,4674.07+,,,-0.13
4674.56,Xe,2.0,NIST,,40,4674.57+,,,-0.01
4675.42,Xe,2.0,NIST,,3,4675.38+,,,0.04
4676.46,Xe,2.0,NIST,,200H,4676.41+,,,0.05
4676.75,Xe,2.0,NIST,,2,4676.76+,,,-0.01
4678.31,Xe,2.0,NIST,,2h,4678.31+,,,0.0
4679.45,Xe,2.0,NIST,,3hl,4679.40+,,,0.05
4681.65,Xe,2.0,NIST,,1w,4681.69+,,,-0.04
4685.86,Xe,2.0,NIST,,0,4685.91+,,,-0.05
4688.2,Xe,2.0,NIST,,,4688.20+,,,0.0
4690.97,Xe,1.0,4MOST & NIST,71.43302154541016,100,4690.972+,0.002,,-0.002
4692.05,Xe,2.0,NIST,,1bl,4692.00+,,,0.05
4693.34,Xe,2.0,NIST,,15hl,4693.28+,,,0.06
4697.0208,Xe,1.0,4MOST & NIST,325.9410705566406,,4697.021+,0.0005,,0.0
4698.01,Xe,2.0,NIST,,300h,4698.04+,,,-0.03
4699.62,Xe,2.0,NIST,,3Hl,4699.62+,,,0.0
4704.67,Xe,2.0,NIST,,10Hl,4704.65+,,,0.02
4708.21,Xe,1.0,NIST,,5,4708.211+,0.01,,-0.001
4708.92,Xe,2.0,NIST,,8hl,4708.88+,,,0.04
4712.63,Xe,2.0,NIST,,40,4712.57+,,,0.06
4713.76,Xe,2.0,NIST,,0*,4713.83+,,,-0.07
4713.76,Xe,2.0,NIST,,0*,4713.87+,,,-0.11
4715.18,Xe,2.0,NIST,,100,4715.14+,,,0.04
4721.0,Xe,2.0,NIST,,2Hl,4721.00+,,,0.0
4731.19,Xe,2.0,NIST,,100h,4731.22+,,,-0.03
4732.51,Xe,2.0,NIST,,15Hl,4732.52+,,,-0.01
4734.1518,Xe,1.0,4MOST & NIST,573.3302001953125,600,4734.152+,0.0005,,0.0
4737.49,Xe,1.0,NIST,,6,4737.55+,0.2,,-0.06
4769.05,Xe,2.0,NIST,,150,4769.04+,,,0.01
4773.19,Xe,2.0,NIST,,80h,4773.19+,,,0.0
4775.18,Xe,2.0,NIST,,5Hl,4775.22+,,,-0.04
4775.76,Xe,2.0,NIST,,8Hl,4775.75+,,,0.01
4779.18,Xe,2.0,NIST,,80,4779.16+,,,0.02
4786.65,Xe,2.0,NIST,,10Hl,4786.66+,,,-0.01
4787.77,Xe,2.0,NIST,,100,4787.75+,,,0.02
4791.84,Xe,2.0,NIST,,2h^,4791.83+,,,0.01
4792.56,Xe,2.0,NIST,,40,4792.54+,,,0.02
4792.619,Xe,1.0,4MOST & NIST,48.45397186279297,40,4792.54+,,,0.02
4795.4,Xe,2.0,NIST,,3h^,4795.33+,,,0.07
4796.48,Xe,2.0,NIST,,6Hl,4796.45+,,,0.03
4798.35,Xe,2.0,NIST,,1a,4798.32+,,,0.03
4799.45,Xe,2.0,NIST,,15Hl,4799.42+,,,0.03
4802.1,Xe,2.0,NIST,,1,4802.02+,,,0.08
4807.019,Xe,1.0,4MOST & NIST,560.310302734375,500,4807.019+,0.0005,,0.0
4817.14,Xe,2.0,NIST,,40Hl,4817.16+,,,-0.02
4818.02,Xe,2.0,NIST,,200,4818.02+,,,0.0
4823.35,Xe,2.0,NIST,,300h,4823.36+,,,-0.01
4829.708,Xe,1.0,4MOST & NIST,346.9415283203125,400,4829.708+,0.002,,0.0
4830.25,Xe,2.0,NIST,,2H,4830.18+,,,0.07
4831.08,Xe,2.0,NIST,,2bl,4830.85+,,,0.23
4832.2,Xe,2.0,NIST,,2,4832.21+,,,-0.01
4840.87,Xe,2.0,NIST,,1*,4840.88+,,,-0.01
4840.87,Xe,2.0,NIST,,1*,4840.93+,,,-0.06
4841.85,Xe,2.0,NIST,,1bl,4841.64+,,,0.21
4843.2934,Xe,1.0,4MOST & NIST,280.5382385253906,300,4843.293+,0.0005,,0.001
4844.33,Xe,2.0,NIST,,2000,4844.32+,,,0.01
4847.82,Xe,2.0,NIST,,3,4847.55+,,,0.27
4850.2,Xe,2.0,NIST,,2h^*,4850.12+,,,0.1
4850.2,Xe,2.0,NIST,,2h^*,4850.23+,,,0.0
4853.77,Xe,2.0,NIST,,40,4853.76+,,,0.01
4862.45,Xe,2.0,NIST,,800h,4862.47+,,,-0.02
4868.87,Xe,2.0,NIST,,1h,4868.87+,,,0.0
4876.5,Xe,2.0,NIST,,500h,4876.49+,,,0.01
4883.53,Xe,2.0,NIST,,600h,4883.51+,,,0.02
4884.15,Xe,2.0,NIST,,100H,4884.18+,,,-0.03
4887.3,Xe,2.0,NIST,,300h,4887.29+,,,0.01
4890.09,Xe,2.0,NIST,,300h*,4890.06+,,,0.03
4890.09,Xe,2.0,NIST,,300h*,4890.01+,,,0.08
4892.18,Xe,2.0,NIST,,2^,4892.31+,,,-0.13
4899.9,Xe,2.0,NIST,,1^,4900.01+,,,-0.1
4905.2,Xe,2.0,NIST,,2H,4905.2+,,,0.0
4916.507,Xe,1.0,4MOST & NIST,349.3497009277344,500,4916.506+,0.002,,0.001
4919.66,Xe,2.0,NIST,,200,4919.64+,,,0.02
4921.48,Xe,2.0,NIST,,800,4921.47+,,,0.01
4923.152,Xe,1.0,4MOST & NIST,393.8419189453125,500,4923.151+,0.002,,0.001
4934.3,Xe,2.0,NIST,,1,4934.32+,,,0.0
4965.0,Xe,2.0,NIST,,4Hl,4964.98+,,,0.02
4971.71,Xe,2.0,NIST,,200H,4971.68+,,,0.03
4972.71,Xe,2.0,NIST,,400h,4972.70+,,,0.01
4974.41,Xe,2.0,NIST,,1^,4974.46+,,,-0.05
4974.87,Xe,2.0,NIST,,2h,4974.86+,,,0.01
4987.95,Xe,2.0,NIST,,0,4987.81+,,,0.14
4988.77,Xe,2.0,NIST,,300h,4988.78+,,,-0.01
4991.17,Xe,2.0,NIST,,100H,4991.15+,,,0.02
4993.03,Xe,2.0,NIST,,10,4993.03+,,,0.0
4993.93,Xe,2.0,NIST,,5Hl,4993.91+,,,0.02
5001.01,Xe,2.0,NIST,,3h,5001.00+,,,0.01
5012.83,Xe,2.0,NIST,,50Hl,5012.82+,,,0.01
5017.41,Xe,2.0,NIST,,1,5017.44+,,,-0.03
5018.75,Xe,2.0,NIST,,1^,5018.74+,,,0.01
5023.88,Xe,1.0,NIST,,3h,5023.86+,0.01,,0.02
5028.2794,Xe,1.0,4MOST & NIST,59.82522964477539,200,5028.279+,0.0005,,0.0
5036.15,Xe,2.0,NIST,,3Hl,5036.20+,,,-0.05
5040.06,Xe,2.0,NIST,,0bl,5040.1+,,,0.0
5044.92,Xe,2.0,NIST,,150h,5044.94+,,,-0.02
5052.54,Xe,2.0,NIST,,30h,5052.53+,,,0.01
5066.33,Xe,2.0,NIST,,3Hl,5066.40+,,,-0.07
5069.82,Xe,2.0,NIST,,10Hw,5069.82+,,,0.0
5073.8,Xe,2.0,NIST,,1h^,5073.80+,,,0.0
5080.62,Xe,2.0,NIST,,600h,5080.64+,,,-0.02
5081.07,Xe,2.0,NIST,,30,5081.10+,,,-0.03
5091.93,Xe,2.0,NIST,,60Hl,5091.97+,,,-0.04
5099.59,Xe,2.0,NIST,,5H,5099.57+,,,0.02
5104.0,Xe,2.0,NIST,,1Hw*,5103.86+,,,0.1
5104.0,Xe,2.0,NIST,,1Hw*,5103.97+,,,0.0
5108.58,Xe,2.0,NIST,,2h,5108.68+,,,-0.1
5116.46,Xe,1.0,NIST,,0,5116.4+,0.03,,0.0
5122.42,Xe,2.0,NIST,,200h,5122.43+,,,-0.01
5125.7,Xe,2.0,NIST,,30,5125.69+,,,0.01
5127.24,Xe,1.0,NIST,,6,5127.0+,0.2,,0.3
5162.711,Xe,1.0,NIST,,10,5162.702+,0.002,,0.009
5164.39,Xe,1.0,NIST,,1h,5164.419+,0.01,,-0.029
5164.7,Xe,2.0,NIST,,1H-,5164.70+,,,0.0
5167.3,Xe,1.0,NIST,,1h,5167.281+,0.01,,0.019
5178.82,Xe,2.0,NIST,,50h,5178.82+,,,0.0
5182.25,Xe,2.0,NIST,,0,5182.28+,,,-0.03
5184.48,Xe,2.0,NIST,,50,5184.49+,,,-0.01
5185.85,Xe,1.0,NIST,,2h*,5185.75+,0.01,,0.1
5185.85,Xe,1.0,NIST,,2h*,5185.93+,0.01,,-0.08
5188.04,Xe,2.0,NIST,,200,5188.08+,,,-0.04
5191.37,Xe,2.0,NIST,,300,5191.37+,,,0.0
5192.1,Xe,2.0,NIST,,80,5192.12+,,,-0.02
5194.92,Xe,2.0,NIST,,5H,5194.92+,,,0.0
5199.9,Xe,2.0,NIST,,1h^,5199.96+,,,-0.1
5201.42,Xe,2.0,NIST,,20,5201.42+,,,0.0
5201.88,Xe,2.0,NIST,,10H,5202.01+,,,-0.13
5206.07,Xe,1.0,NIST,,1,5206.07+,0.01,,0.0
5213.17,Xe,2.0,NIST,,1h,5213.17+,,,0.0
5218.2,Xe,2.0,NIST,,1H,5218.18+,,,0.02
5226.57,Xe,2.0,NIST,,20hl,5226.61+,,,-0.04
5226.9,Xe,2.0,NIST,,10hl,5226.84+,,,0.06
5245.27,Xe,1.0,NIST,,4h,5245.27+,0.01,,0.0
5247.75,Xe,2.0,NIST,,20h,5247.75+,,,0.0
5248.98,Xe,1.0,NIST,,4h,5248.98+,0.01,,0.0
5251.89,Xe,1.0,NIST,,2h,5251.89+,0.01,,0.0
5259.89,Xe,2.0,NIST,,30,5259.91+,,,-0.02
5260.44,Xe,2.0,NIST,,200,5260.44+,,,0.0
5261.95,Xe,2.0,NIST,,200,5261.98+,,,-0.03
5268.31,Xe,2.0,NIST,,50*,5268.31+,,,0.0
5268.31,Xe,2.0,NIST,,50*,5268.27+,,,0.04
5273.48,Xe,1.0,NIST,,1h,5273.46+,0.01,,0.02
5282.46,Xe,2.0,NIST,,2h,5282.48+,,,-0.02
5283.3,Xe,1.0,NIST,,2h,5283.29+,0.01,,0.01
5286.11,Xe,1.0,NIST,,4h,5286.10+,0.01,,0.01
5286.38,Xe,1.0,NIST,,3h,5286.40+,0.01,,-0.02
5291.3,Xe,2.0,NIST,,2h,5291.27+,,,0.0
5292.22,Xe,2.0,NIST,,1000,5292.21+,,,0.01
5306.37,Xe,1.0,NIST,,3,5306.36+,0.01,,0.01
5309.27,Xe,2.0,NIST,,200,5309.27+,,,0.0
5313.87,Xe,2.0,NIST,,800,5313.88+,,,-0.01
5319.83,Xe,2.0,NIST,,3^,5319.70+,,,0.13
5327.83,Xe,2.0,NIST,,3,5327.86+,,,-0.03
5335.91,Xe,1.0,NIST,,1h-,5335.872+,0.01,,0.038
5337.89,Xe,1.0,NIST,,2h,5337.915+,0.01,,-0.025
5339.33,Xe,2.0,NIST,,1000,5339.33+,,,0.0
5356.8,Xe,1.0,NIST,,1,5356.8+,0.01,,0.0
5362.244,Xe,1.0,NIST,,15,5362.241+,0.002,,0.003
5363.2,Xe,2.0,NIST,,150,5363.19+,,,0.01
5364.626,Xe,1.0,NIST,,30,5364.623+,0.002,,0.003
5367.03,Xe,1.0,NIST,,6,5367.03+,0.01,,0.0
5368.07,Xe,2.0,NIST,,100,5368.06+,,,0.01
5372.39,Xe,2.0,NIST,,300,5372.39+,,,0.0
5373.74,Xe,1.0,NIST,,1h-,5373.763+,0.01,,-0.023
5392.795,Xe,1.0,4MOST & NIST,12.752680778503418,100,5392.792+,0.002,,0.003
5394.738,Xe,1.0,NIST,,20,5394.735+,0.002,,0.003
5397.63,Xe,1.0,NIST,,1h,5397.628+,0.01,,0.002
5400.45,Xe,1.0,NIST,,4h,5400.455+,0.01,,-0.005
5415.36,Xe,2.0,NIST,,50H^,5415.43+,,,-0.07
5418.02,Xe,1.0,NIST,,5,5418.02+,0.01,,0.0
5419.15,Xe,2.0,NIST,,2000,5419.14+,,,0.01
5421.76,Xe,1.0,NIST,,2h,5421.773+,0.01,,-0.013
5428.07,Xe,2.0,NIST,,2hs^,5428.01+,,,0.06
5435.6,Xe,1.0,NIST,,5h,5435.59+,0.01,,0.01
5438.96,Xe,2.0,NIST,,400,5438.97+,,,-0.01
5439.923,Xe,1.0,4MOST & NIST,10.321529388427734,30,5439.923+,0.002,,0.0
5440.39,Xe,1.0,NIST,,15,5440.359+,0.01,,0.031
5444.87,Xe,1.0,NIST,,1h,5444.87+,0.01,,0.0
5445.45,Xe,2.0,NIST,,150,5445.46+,,,-0.01
5450.45,Xe,2.0,NIST,,100,5450.48+,,,-0.03
5450.9,Xe,2.0,NIST,,20,5450.93+,,,-0.03
5454.54,Xe,1.0,NIST,,1h,5454.461+,0.01,,0.079
5456.45,Xe,1.0,NIST,,2,5456.46+,0.01,,-0.01
5460.037,Xe,1.0,NIST,,15,5460.034+,0.002,,0.003
5460.39,Xe,2.0,NIST,,300,5460.38+,,,0.01
5469.54,Xe,2.0,NIST,,20h,5469.57+,,,-0.03
5472.61,Xe,2.0,NIST,,500,5472.61+,,,0.0
5479.12,Xe,1.0,NIST,,1h,5479.124+,0.01,,-0.004
5481.13,Xe,2.0,NIST,,1h,5481.07+,,,0.06
5481.33,Xe,1.0,NIST,,1h,5481.31+,0.01,,0.02
5484.16,Xe,1.0,NIST,,1h,5484.14+,0.01,,0.02
5484.46,Xe,1.0,NIST,,4h,5484.47+,0.01,,-0.01
5487.03,Xe,1.0,NIST,,6h,5487.055+,0.01,,-0.025
5488.02734375,Xe,,4MOST,10.126033782958984,,,,,
5488.555,Xe,1.0,NIST,,20h,5488.552+,0.002,,0.003
5506.361328125,Xe,,4MOST,16.221235275268555,,,,,
5507.46,Xe,2.0,NIST,,2h,5507.47+,,,-0.01
5518.56,Xe,2.0,NIST,,1,5518.57+,,,-0.01
5518.77,Xe,2.0,NIST,,1,5518.84+,,,-0.07
5523.05,Xe,1.0,NIST,,1,5523.02+,0.03,,0.03
5525.53,Xe,2.0,NIST,,50,5525.56+,,,-0.03
5531.07,Xe,2.0,NIST,,400,5531.06+,,,0.01
5532.78,Xe,1.0,4MOST & NIST,11.233144760131836,2h,5532.78+,0.01,,0.0
5540.38,Xe,1.0,NIST,,3h*,5540.30+,0.01,,0.08
5540.38,Xe,1.0,NIST,,3h*,5540.391+,0.01,,-0.011
5551.5,Xe,2.0,NIST,,4Hs^,5551.46+,,,0.04
5552.385,Xe,1.0,4MOST & NIST,15.959396362304688,80,5552.387+,0.002,,-0.002
5553.1,Xe,1.0,NIST,,3h,5553.10+,0.01,,0.0
5555.06,Xe,1.0,NIST,,1-,5555.06+,0.01,,0.0
5557.28,Xe,1.0,NIST,,2,5557.28+,0.01,,0.0
5563.5,Xe,1.0,NIST,,2,5563.49+,0.01,,0.01
5566.615,Xe,1.0,4MOST & NIST,21.19655990600586,100,5566.614+,0.002,,0.001
5567.77,Xe,1.0,NIST,,2h,5567.78+,0.01,,-0.01
5570.91,Xe,2.0,NIST,,1,5570.78+,,,0.13
5572.19,Xe,2.0,NIST,,50,5572.19+,,,0.0
5575.27,Xe,1.0,NIST,,2h,5575.256+,0.01,,0.014
5579.28,Xe,1.0,4MOST & NIST,13.275442123413086,40,5579.28+,0.01,,0.0
5581.784,Xe,1.0,4MOST & NIST,12.942334175109863,50,5581.787+,0.002,,-0.003
5583.5,Xe,2.0,NIST,,2H,5583.5+,,,0.0
5585.18,Xe,1.0,NIST,,1-,5585.156+,0.01,,0.024
5591.61,Xe,2.0,NIST,,2H,5591.60+,,,0.01
5594.37,Xe,1.0,NIST,,6,5594.36+,0.01,,0.01
5594.87,Xe,2.0,NIST,,15Hw,5594.87+,,,0.0
5607.99,Xe,1.0,NIST,,3,5607.980+,0.01,,0.01
5612.65,Xe,1.0,NIST,,15,5612.63+,0.01,,0.02
5612.89,Xe,2.0,NIST,,1h-,5612.94+,,,-0.05
5616.67,Xe,2.0,NIST,,150,5616.67+,,,0.0
5618.878,Xe,1.0,4MOST & NIST,19.10547065734864,80,5618.879+,0.002,,-0.001
5621.24,Xe,1.0,NIST,,1,5621.218+,0.01,,0.022
5624.78,Xe,2.0,NIST,,1Hl*,5624.81+,,,-0.03
5624.78,Xe,2.0,NIST,,1Hl*,5624.7+,,,0.1
5633.24,Xe,2.0,NIST,,3H,5633.27+,,,-0.03
5646.19,Xe,1.0,NIST,,5,5646.19+,0.01,,0.0
5650.53,Xe,2.0,NIST,,1h,5650.40+,,,0.13
5652.84,Xe,1.0,NIST,,2h,5652.853+,0.01,,-0.013
5654.31,Xe,1.0,NIST,,1h-,5654.288+,0.01,,0.022
5659.38,Xe,2.0,NIST,,150,5659.35+,,,0.03
5664.46,Xe,1.0,NIST,,1h,5664.447+,0.01,,0.013
5667.56,Xe,2.0,NIST,,300,5667.55+,,,0.01
5670.91,Xe,2.0,NIST,,50,5670.96+,,,-0.05
5675.15,Xe,2.0,NIST,,1,5675.15+,,,0.0
5681.87,Xe,2.0,NIST,,1h,5681.84+,,,0.03
5686.49,Xe,2.0,NIST,,2h,5686.51+,,,-0.02
5688.2,Xe,2.0,NIST,,2^,5688.15+,,,0.05
5688.373,Xe,1.0,NIST,,40,5688.356+,0.002,,0.017
5695.75,Xe,1.0,NIST,,100,5695.750+,0.002,,0.0
5696.477,Xe,1.0,4MOST & NIST,23.86460494995117,80,5696.477+,0.002,,0.0
5698.54,Xe,1.0,NIST,,8,5698.529+,0.01,,0.011
5699.61,Xe,2.0,NIST,,100,5699.59+,,,0.02
5703.34,Xe,1.0,NIST,,1,5703.33+,0.01,,0.01
5706.87,Xe,1.0,NIST,,3,5706.851+,0.01,,0.019
5709.8,Xe,1.0,NIST,,10h,5709.783+,0.01,,0.017
5712.21,Xe,1.0,NIST,,2,5712.198+,0.01,,0.012
5715.716,Xe,1.0,NIST,,70,5715.712+,0.002,,0.004
5716.1,Xe,2.0,4MOST & NIST,33.01833724975586,100H,5716.14+,,,-0.04
5716.252,Xe,1.0,NIST,,80,5716.251+,0.002,,0.001
5719.61,Xe,2.0,NIST,,200,5719.60+,,,0.01
5722.14,Xe,1.0,NIST,,15h,5722.13+,0.01,,0.01
5723.26,Xe,1.0,NIST,,1h,5723.25+,0.01,,0.01
5726.1,Xe,1.0,NIST,,4,5726.063+,0.01,,0.037
5726.91,Xe,2.0,NIST,,200,5726.88+,,,0.03
5730.56,Xe,2.0,NIST,,0,5730.4+,,,0.2
5733.48,Xe,1.0,NIST,,4h,5733.467+,0.01,,0.013
5740.17,Xe,1.0,NIST,,6,5740.148+,0.01,,0.022
5740.73,Xe,1.0,NIST,,1h,5740.732+,0.01,,-0.002
5744.2,Xe,2.0,NIST,,1^,5744.2+,,,0.0
5748.2,Xe,1.0,NIST,,8h,5748.18+,0.01,,0.02
5751.03,Xe,2.0,NIST,,200,5751.04+,,,-0.01
5752.56,Xe,2.0,NIST,,10,5752.55+,,,0.01
5754.6,Xe,1.0,NIST,,1h,5754.60+,0.01,,0.0
5758.65,Xe,2.0,NIST,,100,5758.67+,,,-0.02
5776.39,Xe,2.0,NIST,,100,5776.39+,,,0.0
5780.83,Xe,2.0,NIST,,1-,5780.82+,,,0.01
5791.88,Xe,2.0,NIST,,1hl,5791.97+,,,-0.09
5792.26,Xe,1.0,NIST,,1h,5792.25+,0.01,,0.01
5807.311,Xe,1.0,NIST,,15,5807.303+,0.002,,0.008
5809.5,Xe,2.0,NIST,,1Hw,5809.69+,,,-0.2
5814.505,Xe,1.0,4MOST & NIST,10.824131965637209,60,5814.505+,0.002,,0.0
5815.96,Xe,2.0,NIST,,50,5815.94+,,,0.02
5820.52,Xe,1.0,NIST,,25,5820.498+,0.01,,0.022
5821.57,Xe,2.0,NIST,,1-,5821.58+,,,-0.01
5823.89,Xe,1.0,4MOST & NIST,112.45655822753906,300,5823.887+,0.002,,0.003
5824.79,Xe,2.0,NIST,,1-,5824.59+,,,0.2
5824.8,Xe,1.0,NIST,,150,5824.801+,0.002,,-0.001
5827.72,Xe,1.0,NIST,,1,5827.719+,0.01,,0.001
5830.63,Xe,1.0,NIST,,20h,5830.62+,0.01,,0.01
5835.5,Xe,2.0,NIST,,5Hw,5835.5+,,,0.0
5840.83,Xe,1.0,NIST,,4h,5840.81+,0.01,,0.02
5843.43,Xe,1.0,NIST,,5,5843.393+,0.01,,0.037
5845.46,Xe,1.0,NIST,,1,5845.41+,0.01,,0.05
5846.21,Xe,1.0,NIST,,2,5846.18+,0.01,,0.03
5849.28,Xe,2.0,NIST,,0,5849.4+,,,-0.2
5849.85,Xe,1.0,NIST,,3h,5849.84+,0.01,,0.01
5855.47,Xe,2.0,NIST,,1,5855.53+,,,-0.06
5856.509,Xe,1.0,NIST,,15,5856.509+,0.002,,0.0
5859.47,Xe,2.0,NIST,,2H,5859.47+,,,0.0
5875.018,Xe,1.0,4MOST & NIST,48.670143127441406,100,5875.019+,0.002,,-0.001
5877.25,Xe,2.0,NIST,,1-,5877.25+,,,0.0
5878.92,Xe,1.0,NIST,,6,5878.93+,0.01,,-0.01
5889.12,Xe,1.0,NIST,,20,5889.12+,0.01,,0.0
5889.82,Xe,2.0,NIST,,4,5889.96+,,,-0.14
5890.26,Xe,2.0,NIST,,0,5890.46+,,,-0.2
5891.7,Xe,2.0,NIST,,4,5891.4+,,,0.3
5893.29,Xe,2.0,NIST,,150,5893.30+,,,-0.01
5894.988,Xe,1.0,4MOST & NIST,76.23650360107422,100,5894.989+,0.002,,-0.001
5895.62,Xe,1.0,NIST,,2h,5895.688+,0.01,,-0.068
5898.56,Xe,1.0,NIST,,8,5898.569+,0.01,,-0.009
5904.462,Xe,1.0,NIST,,20,5904.459+,0.002,,0.003
5905.13,Xe,2.0,NIST,,200,5905.13+,,,0.0
5906.76,Xe,1.0,NIST,,3,5906.74+,0.01,,0.02
5909.67,Xe,2.0,NIST,,30h,5909.64+,,,0.03
5911.9,Xe,1.0,NIST,,5*,5911.92+,0.01,,-0.02
5911.9,Xe,1.0,NIST,,5*,5911.903+,0.01,,-0.003
5912.8,Xe,2.0,NIST,,5h,5912.82+,,,-0.02
5913.32,Xe,2.0,NIST,,1,5913.3+,,,0.0
5916.65,Xe,1.0,NIST,,4,5916.66+,0.01,,-0.01
5917.44,Xe,2.0,NIST,,50,5917.44+,,,0.0
5921.5,Xe,2.0,NIST,,1,5921.55+,,,-0.05
5921.85,Xe,1.0,NIST,,10,5921.86+,0.01,,-0.01
5922.55,Xe,1.0,NIST,,20,5922.548+,0.002,,0.002
5925.56,Xe,1.0,NIST,,6,5925.565+,0.01,,-0.005
5928.15,Xe,2.0,NIST,,3H^,5928.18+,,,-0.03
5931.241,Xe,1.0,4MOST & NIST,34.683624267578125,80,5931.245+,0.002,,-0.004
5934.14,Xe,2.0,NIST,,2,5934.14+,,,0.0
5934.172,Xe,1.0,4MOST & NIST,64.9487075805664,100,5934.169+,0.002,,0.003
5934.55,Xe,2.0,NIST,,1H,5934.65+,,,-0.1
5934.99,Xe,2.0,NIST,,0,5935.24+,,,-0.25
5945.53,Xe,2.0,NIST,,300,5945.53+,,,0.0
5958.03,Xe,2.0,NIST,,50,5958.04+,,,-0.01
5963.28,Xe,1.0,NIST,,4,5963.18+,0.2,,0.1
5964.52,Xe,2.0,NIST,,1-,5964.37+,,,0.15
5971.13,Xe,2.0,NIST,,200,5971.17+,,,-0.04
5972.82,Xe,1.0,NIST,,1h,5972.8+,0.01,,0.0
5973.0,Xe,2.0,NIST,,1h,5973.20+,,,-0.2
5974.152,Xe,1.0,4MOST & NIST,10.006155014038086,40,5974.161+,0.002,,-0.009
5976.46,Xe,2.0,NIST,,1000,5976.42+,,,0.04
5978.29,Xe,1.0,NIST,,2,5978.28+,0.01,,0.01
5979.2,Xe,2.0,NIST,,1H,5979.06+,,,0.1
5979.42,Xe,1.0,NIST,,1,5979.44+,0.01,,-0.02
5986.23,Xe,1.0,NIST,,4,5986.217+,0.01,,0.013
5988.44,Xe,2.0,NIST,,1,5988.44+,,,0.0
5989.18,Xe,1.0,NIST,,30,5989.186+,0.01,,-0.006
5991.86,Xe,2.0,NIST,,1H,5991.77+,,,0.09
5998.115,Xe,1.0,NIST,,30,5998.116+,0.002,,-0.001
5998.3,Xe,2.0,NIST,,1^,5998.37+,,,-0.1
5998.67,Xe,2.0,NIST,,0bl,5998.75+,,,-0.08
6000.3,Xe,2.0,NIST,,1-,6000.13+,,,0.2
6007.909,Xe,1.0,NIST,,15,6007.905+,0.002,,0.004
6008.92,Xe,2.0,NIST,,100,6008.92+,,,0.0
6009.78,Xe,1.0,NIST,,8,6009.78+,0.01,,0.0
6014.1,Xe,1.0,NIST,,1h,6014.121+,0.01,,-0.021
6022.89,Xe,1.0,NIST,,1h-,6022.88+,0.01,,0.01
6024.14,Xe,2.0,NIST,,2^,6024.11+,,,0.03
6024.58,Xe,2.0,NIST,,3H,6024.62+,,,-0.04
6026.76,Xe,1.0,NIST,,4,6026.742+,0.01,,0.018
6029.78,Xe,1.0,NIST,,15*,6029.8+,0.2,,0.0
6029.78,Xe,1.0,NIST,,15*,6029.8+,0.2,,0.0
6031.36,Xe,1.0,NIST,,1h-,6031.36+,0.01,,0.0
6034.92,Xe,1.0,NIST,,2,6034.910+,0.01,,0.01
6036.2,Xe,2.0,NIST,,500,6036.19+,,,0.01
6043.38,Xe,1.0,NIST,,10,6043.38+,0.01,,0.0
6048.0,Xe,1.0,NIST,,6h,6047.99+,0.01,,0.01
6048.53,Xe,2.0,NIST,,5h^,6048.70+,,,-0.17
6051.15,Xe,2.0,NIST,,1000,6051.15+,,,0.0
6064.91,Xe,1.0,NIST,,1h,6064.89+,0.01,,0.02
6067.52,Xe,1.0,NIST,,2h,6067.51+,0.01,,0.01
6067.77,Xe,1.0,NIST,,1h,6067.75+,0.01,,0.02
6083.21,Xe,2.0,NIST,,1h-,6083.35+,,,-0.14
6093.38,Xe,1.0,NIST,,3,6093.37+,0.01,,0.01
6093.5,Xe,2.0,NIST,,300,6093.52+,,,-0.02
6095.15,Xe,1.0,NIST,,1-,6095.2+,0.01,,-0.1
6097.59,Xe,2.0,NIST,,1000,6097.57+,,,0.02
6101.43,Xe,2.0,NIST,,200,6101.47+,,,-0.04
6103.88,Xe,1.0,NIST,,3,6103.87+,0.01,,0.01
6107.64,Xe,2.0,NIST,,0,6107.37+,,,0.27
6108.37,Xe,1.0,NIST,,8,6108.352+,0.01,,0.018
6111.761,Xe,1.0,NIST,,30,6111.760+,0.002,,0.001
6111.951,Xe,1.0,4MOST & NIST,17.796228408813477,40,6111.949+,0.002,,0.002
6114.86,Xe,1.0,NIST,,10,6114.85+,0.01,,0.01
6115.08,Xe,2.0,NIST,,50,6115.08+,,,0.0
6123.91,Xe,1.0,NIST,,5,6123.89+,0.01,,0.02
6126.36,Xe,1.0,NIST,,15,6126.362+,0.01,,-0.002
6127.44,Xe,2.0,NIST,,2,6127.45+,,,-0.01
6131.47,Xe,1.0,NIST,,1,6131.46+,0.01,,0.01
6142.13,Xe,1.0,NIST,,1h,6142.12+,0.01,,0.01
6143.4,Xe,2.0,NIST,,1h,6143.45+,,,-0.05
6143.7,Xe,1.0,NIST,,4,6143.687+,0.01,,0.013
6144.97,Xe,1.0,NIST,,20hw,6144.96+,0.01,,0.01
6146.45,Xe,2.0,NIST,,50,6146.46+,,,-0.01
6152.07,Xe,1.0,NIST,,20,6152.069+,0.002,,0.001
6155.28,Xe,2.0,NIST,,1Hw-,6155.33+,,,-0.05
6162.16,Xe,1.0,NIST,,3,6162.174+,0.01,,-0.014
6163.661,Xe,1.0,4MOST & NIST,33.62830352783203,90,6163.661+,0.002,,0.0
6163.935,Xe,1.0,NIST,,80,6163.931+,0.002,,0.004
6178.303,Xe,1.0,4MOST & NIST,38.35028076171875,150,6178.300+,0.002,,0.003
6179.665,Xe,1.0,NIST,,120,6179.665+,0.002,,0.0
6182.42,Xe,1.0,4MOST & NIST,65.4112319946289,300,6182.418+,0.002,,0.002
6184.16,Xe,1.0,NIST,,3,6184.167+,0.01,,-0.007
6184.57,Xe,2.0,NIST,,20,6184.57+,,,0.0
6185.03,Xe,2.0,NIST,,15,6185.04+,,,-0.01
6185.79,Xe,2.0,NIST,,1H^,6185.87+,,,-0.08
6189.1,Xe,1.0,NIST,,20,6189.102+,0.01,,-0.002
6191.4,Xe,1.0,NIST,,4h,6191.39+,0.01,,0.01
6193.89,Xe,1.0,NIST,,1h,6193.87+,0.01,,0.02
6194.07,Xe,2.0,NIST,,300,6194.10+,,,-0.03
6195.49,Xe,1.0,NIST,,1,6195.494+,0.01,,-0.004
6198.26,Xe,1.0,4MOST & NIST,22.00667190551757,100,6198.256+,0.002,,0.004
6200.892,Xe,1.0,4MOST & NIST,13.777100563049316,60,6200.889+,0.002,,0.003
6201.49,Xe,1.0,NIST,,3h,6201.47+,0.01,,0.02
6203.45,Xe,2.0,NIST,,1h^,6203.45+,,,0.0
6205.35,Xe,1.0,NIST,,6h,6205.34+,0.01,,0.01
6205.75,Xe,1.0,NIST,,4,6205.75+,0.01,,0.0
6206.297,Xe,1.0,NIST,,20,6206.299+,0.002,,-0.002
6209.11,Xe,1.0,NIST,,3,6209.101+,0.01,,0.009
6220.84,Xe,1.0,NIST,,1,6220.844+,0.01,,-0.004
6224.168,Xe,1.0,NIST,,40,6224.172+,0.002,,-0.004
6230.81,Xe,1.0,NIST,,4*,6230.8+,0.2,,0.0
6230.81,Xe,1.0,NIST,,4*,6230.8+,0.2,,0.0
6235.4,Xe,2.0,NIST,,1h,6235.36+,,,0.04
6242.09,Xe,1.0,NIST,,8,6242.055+,0.01,,0.035
6255.32,Xe,2.0,NIST,,2Hl^,6255.41+,,,-0.09
6261.212,Xe,1.0,4MOST & NIST,13.073492050170898,50,6261.211+,0.002,,0.001
6265.302,Xe,1.0,NIST,,40*,6265.301+,0.002,,0.001
6265.302,Xe,1.0,NIST,,40*,6265.2+,0.002,,0.1
6268.34,Xe,1.0,NIST,,1h,6268.34+,0.01,,0.0
6270.82,Xe,2.0,NIST,,400,6270.86+,,,-0.04
6273.23,Xe,1.0,NIST,,10,6273.219+,0.01,,0.011
6276.99,Xe,1.0,NIST,,4,6276.99+,0.01,,0.0
6277.54,Xe,2.0,NIST,,300,6277.54+,,,0.0
6281.81,Xe,1.0,NIST,,5h,6281.80+,0.01,,0.01
6284.41,Xe,2.0,NIST,,50,6284.40+,,,0.01
6286.011,Xe,1.0,4MOST & NIST,12.534650802612305,100,6286.00+,0.002,,0.01
6292.649,Xe,1.0,4MOST & NIST,13.052131652832031,50,6292.649+,0.002,,0.0
6294.45,Xe,1.0,NIST,,15,6294.462+,0.01,,-0.012
6296.39,Xe,2.0,NIST,,10H^,6296.51+,,,-0.12
6298.31,Xe,2.0,NIST,,20,6298.32+,,,-0.01
6300.86,Xe,2.0,NIST,,100,6300.86+,,,0.0
6305.01,Xe,2.0,NIST,,1h,6304.91+,,,0.1
6311.46,Xe,2.0,NIST,,5Hw,6311.51+,,,-0.05
6314.97,Xe,1.0,NIST,,15,6314.953+,0.01,,0.017
6318.03,Xe,2.0,NIST,,5,6318.17+,,,-0.14
6318.062,Xe,1.0,4MOST & NIST,93.54012298583984,500,6318.063+,0.002,,-0.001
6325.81,Xe,1.0,NIST,,2,6325.804+,0.01,,0.006
6331.5,Xe,1.0,NIST,,20,6331.449+,0.01,,0.051
6333.97,Xe,1.0,NIST,,40hl,6333.95+,0.01,,0.02
6337.58,Xe,1.0,NIST,,8hl,6337.57+,0.01,,0.01
6343.96,Xe,2.0,NIST,,300,6343.95+,,,0.01
6344.98,Xe,1.0,NIST,,2h,6344.99+,0.01,,-0.01
6353.2,Xe,2.0,NIST,,50Hl,6353.21+,,,-0.01
6355.77,Xe,1.0,NIST,,20,6355.750+,0.01,,0.02
6356.35,Xe,2.0,NIST,,500,6356.32+,,,0.03
6375.28,Xe,2.0,NIST,,100,6375.27+,,,0.01
6383.24,Xe,1.0,NIST,,,6383.30+,0.13,,-0.06
6397.99,Xe,2.0,NIST,,60,6397.98+,,,0.01
6407.05,Xe,1.0,NIST,,,6407.0+,0.13,,0.1
6412.38,Xe,1.0,NIST,,10,6412.36+,0.01,,0.02
6418.41,Xe,1.0,NIST,,30,6418.389+,0.01,,0.021
6418.58,Xe,2.0,NIST,,20,6418.57+,,,0.01
6418.98,Xe,1.0,NIST,,30h,6418.996+,0.01,,-0.016
6421.33,Xe,1.0,NIST,,,6421.3+,0.13,,0.0
6421.47,Xe,2.0,NIST,,1^,6421.49+,,,-0.02
6426.73,Xe,2.0,NIST,,2H^,6426.87+,,,-0.14
6430.155,Xe,1.0,NIST,,20,6430.141+,0.002,,0.014
6435.01,Xe,1.0,NIST,,,6435.12+,0.13,,-0.11
6438.32,Xe,1.0,NIST,,,6438.3+,0.13,,0.0
6438.9,Xe,1.0,NIST,,,6439.1+,0.13,,-0.2
6440.18,Xe,2.0,NIST,,2H^,6440.00+,,,0.18
6442.3,Xe,2.0,NIST,,1H^,6442.47+,,,-0.2
6448.7,Xe,1.0,NIST,,2h*,6448.70+,0.01,,0.0
6448.7,Xe,1.0,NIST,,2h*,6448.70+,0.01,,0.0
6450.48,Xe,1.0,NIST,,7,6450.48+,0.01,,0.0
6451.79,Xe,1.0,NIST,,10hl,6451.79+,0.01,,0.0
6458.71,Xe,1.0,NIST,,,6458.9+,0.13,,-0.2
6461.48,Xe,2.0,NIST,,10H^,6461.51+,,,-0.03
6461.5,Xe,1.0,NIST,,3,6461.50+,0.01,,0.0
6469.705,Xe,1.0,4MOST & NIST,66.163330078125,300,6469.705+,0.002,,0.0
6472.841,Xe,1.0,4MOST & NIST,35.60142517089844,150,6472.843+,0.002,,-0.002
6479.69,Xe,2.0,NIST,,2H,6479.76+,,,-0.07
6483.63,Xe,1.0,NIST,,,6483.7+,0.13,,-0.1
6483.97,Xe,2.0,NIST,,0,6483.84+,,,0.13
6487.765,Xe,1.0,4MOST & NIST,37.61418533325195,120,6487.765+,0.002,,0.0
6497.43,Xe,1.0,NIST,,30hl,6497.40+,0.01,,0.03
6498.717,Xe,1.0,4MOST & NIST,28.49544906616211,100,6498.717+,0.002,,0.0
6500.37,Xe,1.0,NIST,,15*,6500.36+,0.01,,0.01
6500.37,Xe,1.0,NIST,,15*,6500.437+,0.01,,-0.067
6502.47,Xe,2.0,NIST,,0,6502.56+,,,-0.09
6504.18,Xe,1.0,4MOST & NIST,23.857608795166016,200h,6504.17+,0.01,,0.01
6504.38,Xe,1.0,NIST,,,6504.344+,0.13,,0.04
6510.06,Xe,2.0,NIST,,0,6510.05+,,,0.01
6512.28,Xe,2.0,NIST,,0,6512.44+,,,-0.16
6512.83,Xe,2.0,NIST,,300h,6512.82+,,,0.01
6515.48,Xe,2.0,NIST,,1H*,6515.39+,,,0.09
6515.48,Xe,2.0,NIST,,1H*,6515.40+,,,0.08
6521.508,Xe,1.0,NIST,,40,6521.517+,0.002,,-0.009
6528.65,Xe,2.0,NIST,,200h,6528.65+,,,0.0
6533.159,Xe,1.0,4MOST & NIST,18.43986892700196,100,6533.156+,0.002,,0.003
6543.36,Xe,1.0,NIST,,40,6543.357+,0.002,,0.003
6545.58,Xe,2.0,NIST,,4w,6545.71+,,,-0.13
6546.12,Xe,1.0,NIST,,20,6546.134+,0.01,,-0.014
6552.6,Xe,1.0,NIST,,,6552.6+,0.13,,0.0
6552.99,Xe,1.0,NIST,,,6553.0+,0.13,,0.0
6553.66,Xe,1.0,NIST,,4,6553.65+,0.01,,0.01
6554.196,Xe,1.0,4MOST & NIST,12.483025550842283,50hl,6554.185+,0.002,,0.011
6556.7,Xe,2.0,NIST,,4,6556.72+,,,-0.02
6558.62,Xe,1.0,NIST,,,6558.59+,0.13,,0.03
6559.97,Xe,1.0,NIST,,25,6559.954+,0.01,,0.016
6560.65,Xe,1.0,NIST,,4h,6560.587+,0.01,,0.063
6563.19,Xe,2.0,NIST,,15,6563.21+,,,-0.02
6568.39,Xe,1.0,NIST,,30,6568.6+,0.2,,-0.2
6569.13,Xe,2.0,NIST,,5,6569.08+,,,0.05
6573.68,Xe,2.0,NIST,,30,6573.65+,,,0.03
6583.27,Xe,1.0,NIST,,20,6583.245+,0.01,,0.025
6590.86,Xe,1.0,NIST,,8,6590.871+,0.01,,-0.011
6593.27,Xe,1.0,NIST,,,6593.3+,0.13,,0.0
6595.01,Xe,2.0,NIST,,800,6595.00+,,,0.01
6595.561,Xe,1.0,4MOST & NIST,31.772968292236328,100,6595.559+,0.002,,0.002
6597.25,Xe,2.0,NIST,,300,6597.27+,,,-0.02
6598.84,Xe,2.0,NIST,,80,6598.85+,,,-0.01
6599.71,Xe,1.0,NIST,,,6599.698+,0.13,,0.01
6601.58,Xe,1.0,NIST,,,6601.6+,0.13,,0.0
6602.06,Xe,1.0,NIST,,,6602.1+,0.13,,0.0
6602.87,Xe,1.0,NIST,,4h*,6602.88+,0.01,,-0.01
6602.87,Xe,1.0,NIST,,4h*,6602.85+,0.01,,0.02
6604.46,Xe,1.0,NIST,,,6604.54+,0.13,,-0.08
6604.98,Xe,1.0,NIST,,,6605.00+,0.13,,-0.02
6607.41,Xe,1.0,NIST,,30h,6607.42+,0.01,,-0.01
6608.87,Xe,1.0,NIST,,10,6608.885+,0.01,,-0.015
6614.96,Xe,2.0,NIST,,10H,6615.20+,,,-0.24
6618.4,Xe,2.0,NIST,,50,6618.38+,,,0.02
6619.33,Xe,2.0,NIST,,3,6619.47+,,,-0.14
6620.02,Xe,2.0,NIST,,200h,6620.01+,,,0.01
6621.08,Xe,1.0,NIST,,,6621.1+,0.13,,0.0
6630.44,Xe,1.0,NIST,,2,6630.454+,0.01,,-0.014
6632.464,Xe,1.0,4MOST & NIST,17.275928497314453,50,6632.466+,0.002,,-0.002
6634.13,Xe,2.0,NIST,,6Hl,6634.16+,,,-0.03
6636.38,Xe,1.0,NIST,,,6636.5+,0.13,,-0.1
6638.85,Xe,2.0,NIST,,2h,6638.84+,,,0.01
6642.9,Xe,2.0,NIST,,1h,6642.56+,,,0.3
6648.75,Xe,1.0,NIST,,3,6648.727+,0.01,,0.023
6654.67,Xe,1.0,NIST,,,6654.6+,0.13,,0.0
6657.92,Xe,1.0,NIST,,20,6657.929+,0.01,,-0.009
6663.1,Xe,2.0,NIST,,2,6663.02+,,,0.1
6664.85,Xe,1.0,NIST,,4,6664.87+,0.01,,-0.02
6665.59,Xe,2.0,NIST,,2,6665.32+,,,0.27
6665.67,Xe,1.0,NIST,,,6665.7+,0.13,,0.0
6666.29,Xe,1.0,NIST,,,6666.3+,0.13,,0.0
6666.965,Xe,1.0,4MOST & NIST,23.6741943359375,60,6666.963+,0.002,,0.002
6668.92,Xe,1.0,4MOST & NIST,79.0903091430664,150,6668.923+,0.002,,-0.003
6676.53,Xe,1.0,NIST,,,6676.6+,0.13,,0.0
6678.972,Xe,1.0,NIST,,25,6678.969+,0.002,,0.003
6681.036,Xe,1.0,NIST,,20,6681.032+,0.002,,0.004
6684.79,Xe,1.0,NIST,,30*,6684.8+,0.2,,0.0
6684.79,Xe,1.0,NIST,,30*,6684.8+,0.2,,0.0
6691.22,Xe,2.0,NIST,,1,6691.23+,,,-0.01
6694.32,Xe,2.0,NIST,,400h,6694.29+,,,0.03
6702.25,Xe,2.0,NIST,,80,6702.24+,,,0.01
6703.26,Xe,1.0,NIST,,,6703.1+,0.13,,0.1
6703.62,Xe,1.0,NIST,,,6703.8+,0.13,,-0.2
6705.46,Xe,1.0,NIST,,,6705.52+,0.13,,-0.06
6706.46,Xe,1.0,NIST,,1,6706.48+,0.01,,-0.02
6708.25,Xe,1.0,NIST,,3*,6708.1+,0.2,,0.2
6708.25,Xe,1.0,NIST,,3*,6708.1+,0.2,,0.2
6708.25,Xe,1.0,NIST,,3*,6708.1+,0.2,,0.2
6712.93,Xe,1.0,NIST,,3*,6712.9+,0.2,,0.0
6712.93,Xe,1.0,NIST,,3*,6712.9+,0.2,,0.0
6712.93,Xe,1.0,NIST,,3*,6712.9+,0.2,,0.0
6719.39,Xe,1.0,NIST,,,6719.4+,0.13,,0.0
6721.38,Xe,1.0,NIST,,,6721.38+,0.13,,0.0
6728.008,Xe,1.0,4MOST & NIST,126.14273071289062,200,6728.006+,0.002,,0.002
6736.14,Xe,1.0,NIST,,,6736.1+,0.13,,0.0
6736.5,Xe,1.0,NIST,,,6736.8+,0.13,,-0.3
6744.27,Xe,2.0,NIST,,0,6744.31+,,,-0.04
6751.93,Xe,1.0,NIST,,,6751.9+,0.13,,0.0
6752.79,Xe,1.0,NIST,,,6752.8+,0.13,,0.0
6756.83,Xe,2.0,NIST,,0,6756.81+,,,0.02
6767.12,Xe,1.0,NIST,,10,6767.093+,0.01,,0.027
6777.57,Xe,1.0,NIST,,50,6777.559+,0.01,,0.011
6778.06591796875,Xe,,4MOST,13.119729042053224,,,,,
6778.6,Xe,1.0,NIST,,40,6778.588+,0.01,,0.012
6788.71,Xe,2.0,NIST,,100h,6788.69+,,,0.02
6790.37,Xe,2.0,NIST,,80h,6790.36+,,,0.01
6805.74,Xe,2.0,NIST,,1000,6805.72+,,,0.02
6808.12,Xe,1.0,NIST,,5,6807.8+,0.2,,0.3
6815.64,Xe,1.0,NIST,,12,6815.624+,0.01,,0.016
6818.38,Xe,1.0,NIST,,15,6818.37+,0.01,,0.01
6827.315,Xe,1.0,4MOST & NIST,95.47930908203124,200,6827.313+,0.002,,0.002
6840.96,Xe,1.0,NIST,,8,6840.960+,0.01,,0.0
6841.5,Xe,1.0,NIST,,20*,6841.50+,0.01,,0.0
6841.5,Xe,1.0,NIST,,20*,6841.46+,0.01,,0.04
6844.27,Xe,1.0,NIST,,1,6844.26+,0.01,,0.01
6844.84,Xe,1.0,NIST,,2h,6844.837+,0.01,,0.003
6846.613,Xe,1.0,4MOST & NIST,34.60294723510742,60,6846.613+,0.002,,0.0
6848.82,Xe,1.0,NIST,,50,6848.81+,0.01,,0.01
6850.13,Xe,1.0,NIST,,30,6850.128+,0.01,,0.002
6860.19,Xe,1.0,NIST,,40,6860.162+,0.01,,0.028
6863.2,Xe,1.0,NIST,,20,6863.171+,0.01,,0.029
6865.58,Xe,1.0,NIST,,5,6865.536+,0.01,,0.044
6866.838,Xe,1.0,4MOST & NIST,18.87013053894043,50,6866.842+,0.002,,-0.004
6872.107,Xe,1.0,4MOST & NIST,73.48430633544922,100,6872.105+,0.002,,0.002
6882.155,Xe,1.0,4MOST & NIST,208.6566772460937,300,6882.154+,0.002,,0.001
6910.22,Xe,2.0,NIST,,100,6910.22+,,,0.0
6910.82,Xe,1.0,NIST,,30,6910.818+,0.01,,0.002
6922.22,Xe,1.0,NIST,,8,6922.233+,0.01,,-0.013
6924.67,Xe,1.0,NIST,,15,6924.646+,0.01,,0.024
6925.53,Xe,1.0,4MOST & NIST,19.85847854614257,100,6925.518+,0.01,,0.012
6935.62,Xe,1.0,NIST,,50,6935.606+,0.01,,0.014
6936.69,Xe,1.0,NIST,,8,6936.683+,0.01,,0.007
6961.1,Xe,1.0,NIST,,20,6961.3+,0.2,,-0.2
6976.182,Xe,1.0,4MOST & NIST,20.588563919067383,100,6976.182+,0.002,,0.0
6982.05,Xe,1.0,NIST,,30,6982.061+,0.01,,-0.011
6990.88,Xe,2.0,NIST,,2000,6990.88+,,,0.0
6991.65,Xe,1.0,NIST,,1,6991.63+,0.01,,0.02
7003.1,Xe,1.0,NIST,,4,7003.099+,0.01,,0.001
7003.96,Xe,2.0,NIST,,50,7003.97+,,,-0.01
7017.06,Xe,2.0,NIST,,80,7017.05+,,,0.01
7019.02,Xe,1.0,NIST,,30,7019.026+,0.01,,-0.006
7034.8,Xe,1.0,NIST,,3,7034.75+,0.01,,0.05
7035.53,Xe,1.0,NIST,,20,7035.534+,0.01,,-0.004
7047.37,Xe,1.0,NIST,,30*,7047.43+,0.01,,-0.06
7047.37,Xe,1.0,NIST,,30*,7047.366+,0.01,,0.004
7049.07,Xe,1.0,NIST,,1h,7049.13+,0.01,,-0.06
7049.36,Xe,1.0,NIST,,1h,7049.32+,0.01,,0.04
7051.06,Xe,1.0,NIST,,3,7051.073+,0.01,,-0.013
7052.57,Xe,2.0,NIST,,3Hw,7052.56+,,,0.01
7072.43,Xe,2.0,NIST,,4Hw,7072.43+,,,0.0
7072.44,Xe,1.0,NIST,,30,7072.4+,0.2,,0.0
7075.0,Xe,2.0,NIST,,2Hs,7074.83+,,,0.2
7078.46,Xe,1.0,NIST,,1,7078.43+,0.01,,0.03
7082.15,Xe,2.0,NIST,,200,7082.15+,,,0.0
7094.7,Xe,2.0,NIST,,1Hw,7094.33+,,,0.4
7100.8,Xe,2.0,NIST,,5h^,7100.57+,,,0.2
7119.598,Xe,1.0,NIST,,500,7119.598+,0.002,,0.0
7133.27,Xe,2.0,NIST,,10,7133.28+,,,-0.01
7136.57,Xe,1.0,NIST,,15,7136.561+,0.01,,0.009
7147.5,Xe,2.0,NIST,,100H,7147.42+,,,0.08
7149.03,Xe,2.0,NIST,,300h,7149.05+,,,-0.02
7164.83,Xe,2.0,NIST,,800h,7164.83+,,,0.0
7172.7,Xe,1.0,NIST,,10,7172.70+,0.01,,0.0
7192.42,Xe,1.0,NIST,,4,7192.6+,0.2,,-0.1
,Xe,1.0,NIST,,,5447.38+,,,
,Xe,1.0,NIST,,,6418.929+,,,
